Handle,Title,Body (HTML),SEO Title,SEO Description
everbox-cabin-mini,"EverBox Collapsible Gift Box – Red & White, Small","<p>Wrap a gift in seconds with the EverBox, a collapsible, reusable gift box in red and white with a red satin ribbon attached. Place your gift inside, tie the bow and it&#39;s ready to give. When the celebration&#39;s over, it folds flat until next time.</p><ul><li><strong>Color:</strong> Red and white with a red satin ribbon</li><li><strong>Size:</strong> Small – 8&quot; x 8&quot; x 8&quot;</li><li><strong>Fits gifts like:</strong> jewelry, scarves and gloves, candles</li><li><strong>Ribbon attached:</strong> tie a bow and it&#39;s wrapped – no tape or tissue paper needed</li><li><strong>Collapsible:</strong> folds completely flat for easy, organized storage</li><li><strong>Heavy-duty and reusable:</strong> made to wrap gift after gift, year after year</li></ul><p>Perfect for birthdays, Christmas, baby showers, weddings, Mother&#39;s Day and every celebration in between.</p>","Red & White Collapsible Gift Box, Small | EverWrap",Reusable small gift box in red & white with a red satin ribbon. Folds flat to store and wraps gifts again and again. Zero-waste gifting by EverWrap.
everbox-cabin-small,"EverBox Collapsible Gift Box – Navy, Medium","<p>Wrap a gift in seconds with the EverBox, a collapsible, reusable gift box in navy with a white and navy grosgrain ribbon attached. Place your gift inside, tie the bow and it&#39;s ready to give. When the celebration&#39;s over, it folds flat until next time.</p><ul><li><strong>Color:</strong> Navy with a white and navy grosgrain ribbon</li><li><strong>Size:</strong> Medium – 12&quot; x 8&quot; x 8&quot;</li><li><strong>Fits gifts like:</strong> shoes, scarves and gloves, medium-sized toys</li><li><strong>Ribbon attached:</strong> tie a bow and it&#39;s wrapped – no tape or tissue paper needed</li><li><strong>Collapsible:</strong> folds completely flat for easy, organized storage</li><li><strong>Heavy-duty and reusable:</strong> made to wrap gift after gift, year after year</li></ul><p>Perfect for birthdays, Christmas, baby showers, weddings, Mother&#39;s Day and every celebration in between.</p>","Navy Collapsible Gift Box, Medium | EverWrap",Reusable medium gift box in navy with a white and navy grosgrain ribbon. Folds flat to store and wraps gifts again and again. Zero-waste gifting by EverWrap.
everbox-cabin-medium,"EverBox Collapsible Gift Box – Blue Plaid, Large","<p>Wrap a gift in seconds with the EverBox, a collapsible, reusable gift box in blue plaid with a blue satin ribbon attached. Place your gift inside, tie the bow and it&#39;s ready to give. When the celebration&#39;s over, it folds flat until next time.</p><ul><li><strong>Color:</strong> Blue plaid with a blue satin ribbon</li><li><strong>Size:</strong> Large – 16&quot; x 12&quot; x 8&quot;</li><li><strong>Fits gifts like:</strong> wine glasses with a bottle of wine, trousers and a sweater, larger toys</li><li><strong>Ribbon attached:</strong> tie a bow and it&#39;s wrapped – no tape or tissue paper needed</li><li><strong>Collapsible:</strong> folds completely flat for easy, organized storage</li><li><strong>Heavy-duty and reusable:</strong> made to wrap gift after gift, year after year</li></ul><p>Perfect for birthdays, Christmas, baby showers, weddings, Mother&#39;s Day and every celebration in between.</p>","Blue Plaid Collapsible Gift Box, Large | EverWrap",Reusable large gift box in blue plaid with a blue satin ribbon. Folds flat to store and wraps gifts again and again. Zero-waste gifting by EverWrap.
everbox-cabin-large,"EverBox Collapsible Gift Box – Red, XL","<p>Wrap a gift in seconds with the EverBox, a collapsible, reusable gift box in red with a white grosgrain ribbon attached. Place your gift inside, tie the bow and it&#39;s ready to give. When the celebration&#39;s over, it folds flat until next time.</p><ul><li><strong>Color:</strong> Red with a white grosgrain ribbon</li><li><strong>Size:</strong> XL – 16&quot; x 12&quot; x 12&quot;</li><li><strong>Fits gifts like:</strong> a laptop with all the extras, a winter coat, a set of bath towels</li><li><strong>Ribbon attached:</strong> tie a bow and it&#39;s wrapped – no tape or tissue paper needed</li><li><strong>Collapsible:</strong> folds completely flat for easy, organized storage</li><li><strong>Heavy-duty and reusable:</strong> made to wrap gift after gift, year after year</li></ul><p>Perfect for birthdays, Christmas, baby showers, weddings, Mother&#39;s Day and every celebration in between.</p>","Red Collapsible Gift Box, XL | EverWrap",Reusable extra-large gift box in red with an attached white grosgrain ribbon. Folds flat to store and wraps gifts again and again.
copy-of-everbox-cozy-mini,"EverBox Collapsible Gift Box – Black, White & Pink, Small","<p>Wrap a gift in seconds with the EverBox, a collapsible, reusable gift box in black, white and pink with a white satin ribbon attached. Place your gift inside, tie the bow and it&#39;s ready to give. When the celebration&#39;s over, it folds flat until next time.</p><ul><li><strong>Color:</strong> Black, white and pink with a white satin ribbon</li><li><strong>Size:</strong> Small – 8&quot; x 8&quot; x 8&quot;</li><li><strong>Fits gifts like:</strong> jewelry, scarves and gloves, candles</li><li><strong>Ribbon attached:</strong> tie a bow and it&#39;s wrapped – no tape or tissue paper needed</li><li><strong>Collapsible:</strong> folds completely flat for easy, organized storage</li><li><strong>Heavy-duty and reusable:</strong> made to wrap gift after gift, year after year</li></ul><p>Perfect for birthdays, Christmas, baby showers, weddings, Mother&#39;s Day and every celebration in between.</p>","Black, White & Pink Collapsible Gift Box, Small | EverWrap","Reusable small gift box in black, white & pink with a white satin ribbon. Folds flat to store and wraps gifts again and again. Zero-waste gifting by EverWrap."
everbox-cozy-small,"EverBox Collapsible Gift Box – Pink, Medium","<p>Wrap a gift in seconds with the EverBox, a collapsible, reusable gift box in pink with a black and white grosgrain ribbon attached. Place your gift inside, tie the bow and it&#39;s ready to give. When the celebration&#39;s over, it folds flat until next time.</p><ul><li><strong>Color:</strong> Pink with a black and white grosgrain ribbon</li><li><strong>Size:</strong> Medium – 12&quot; x 8&quot; x 8&quot;</li><li><strong>Fits gifts like:</strong> shoes, scarves and gloves, medium-sized toys</li><li><strong>Ribbon attached:</strong> tie a bow and it&#39;s wrapped – no tape or tissue paper needed</li><li><strong>Collapsible:</strong> folds completely flat for easy, organized storage</li><li><strong>Heavy-duty and reusable:</strong> made to wrap gift after gift, year after year</li></ul><p>Perfect for birthdays, Christmas, baby showers, weddings, Mother&#39;s Day and every celebration in between.</p>","Pink Collapsible Gift Box, Medium | EverWrap",Reusable medium gift box in pink with a black and white grosgrain ribbon. Folds flat to store and wraps gifts again and again. Zero-waste gifting by EverWrap.
everbox-cozy-medium,"EverBox Collapsible Gift Box – Pink Plaid, Large","<p>Wrap a gift in seconds with the EverBox, a collapsible, reusable gift box in pink plaid with a white satin ribbon attached. Place your gift inside, tie the bow and it&#39;s ready to give. When the celebration&#39;s over, it folds flat until next time.</p><ul><li><strong>Color:</strong> Pink plaid with a white satin ribbon</li><li><strong>Size:</strong> Large – 16&quot; x 12&quot; x 8&quot;</li><li><strong>Fits gifts like:</strong> wine glasses with a bottle of wine, trousers and a sweater, larger toys</li><li><strong>Ribbon attached:</strong> tie a bow and it&#39;s wrapped – no tape or tissue paper needed</li><li><strong>Collapsible:</strong> folds completely flat for easy, organized storage</li><li><strong>Heavy-duty and reusable:</strong> made to wrap gift after gift, year after year</li></ul><p>Perfect for birthdays, Christmas, baby showers, weddings, Mother&#39;s Day and every celebration in between.</p>","Pink Plaid Collapsible Gift Box, Large | EverWrap",Reusable large gift box in pink plaid with a white satin ribbon. Folds flat to store and wraps gifts again and again. Zero-waste gifting by EverWrap.
everbox-large,"EverBox Collapsible Gift Box – Yellow, XL","<p>Wrap a gift in seconds with the EverBox, a collapsible, reusable gift box in yellow with a white grosgrain ribbon attached. Place your gift inside, tie the bow and it&#39;s ready to give. When the celebration&#39;s over, it folds flat until next time.</p><ul><li><strong>Color:</strong> Yellow with a white grosgrain ribbon</li><li><strong>Size:</strong> XL – 16&quot; x 12&quot; x 12&quot;</li><li><strong>Fits gifts like:</strong> a laptop with all the extras, a winter coat, a set of bath towels</li><li><strong>Ribbon attached:</strong> tie a bow and it&#39;s wrapped – no tape or tissue paper needed</li><li><strong>Collapsible:</strong> folds completely flat for easy, organized storage</li><li><strong>Heavy-duty and reusable:</strong> made to wrap gift after gift, year after year</li></ul><p>Perfect for birthdays, Christmas, baby showers, weddings, Mother&#39;s Day and every celebration in between.</p>","Yellow Collapsible Gift Box, XL | EverWrap",Reusable extra-large gift box in yellow with an attached white grosgrain ribbon. Folds flat to store and wraps gifts again and again.
evergift-cabin-small,"EverEnvelope Reusable Gift Bag – Blue & Red Print, Small","<p>The EverEnvelope is a reusable gift bag in a blue and red berry print with a magnetic flap closure. Tuck your gift inside, snap it shut and it&#39;s wrapped in seconds – no tape, no waste.</p><ul><li><strong>Color:</strong> Blue and red berry print</li><li><strong>Size:</strong> Small – 9.5&quot; x 7.5&quot; x 4.5&quot;</li><li><strong>Fits gifts like:</strong> a journal and pen set, candles and bath salts, chocolate bars</li><li><strong>Magnetic closure:</strong> snaps shut and opens easily, again and again</li><li><strong>Heavy-duty:</strong> built for maximum reusability and folds flat for storage</li><li><strong>Make it yours:</strong> Add an EverBow and charm for extra flair (sold separately)</li></ul><p>Perfect for birthdays, Christmas, baby showers, weddings, Mother&#39;s Day and every celebration in between.</p>","Blue & Red Print Reusable Gift Bag, Small | EverWrap","Reusable small gift bag in blue & red print with a magnetic closure – no tape, no waste. Folds flat to store and reuse every season."
evergift-cabin-medium,"EverEnvelope Reusable Gift Bag – Red & White, Medium","<p>The EverEnvelope is a reusable gift bag in red and white with a magnetic flap closure. Tuck your gift inside, snap it shut and it&#39;s wrapped in seconds – no tape, no waste.</p><ul><li><strong>Color:</strong> Red and white</li><li><strong>Size:</strong> Medium – 13&quot; x 10.5&quot; x 6.25&quot;</li><li><strong>Fits gifts like:</strong> children&#39;s shoes, electronics, kitchen utensil sets</li><li><strong>Magnetic closure:</strong> snaps shut and opens easily, again and again</li><li><strong>Heavy-duty:</strong> built for maximum reusability and folds flat for storage</li><li><strong>Make it yours:</strong> Add an EverBow and charm for extra flair (sold separately)</li></ul><p>Perfect for birthdays, Christmas, baby showers, weddings, Mother&#39;s Day and every celebration in between.</p>","Red & White Reusable Gift Bag, Medium | EverWrap","Reusable medium gift bag in red & white with a magnetic closure – no tape, no waste. Folds flat to store and reuse every season."
evergift-cabin-large,"EverEnvelope Reusable Gift Bag – Navy Forest Animals, Large","<p>The EverEnvelope is a reusable gift bag in navy with a gold forest-animal print with a magnetic flap closure. Tuck your gift inside, snap it shut and it&#39;s wrapped in seconds – no tape, no waste.</p><ul><li><strong>Color:</strong> Navy with a gold forest-animal print</li><li><strong>Size:</strong> Large – 16.25&quot; x 13.5&quot; x 6.5&quot;</li><li><strong>Fits gifts like:</strong> men&#39;s shoes, large tablets, cozy sweaters</li><li><strong>Magnetic closure:</strong> snaps shut and opens easily, again and again</li><li><strong>Heavy-duty:</strong> built for maximum reusability and folds flat for storage</li><li><strong>Make it yours:</strong> Add an EverBow and charm for extra flair (sold separately)</li></ul><p>Perfect for birthdays, Christmas, baby showers, weddings, Mother&#39;s Day and every celebration in between.</p>","Navy Forest Animals Reusable Gift Bag, Large | EverWrap","Reusable large gift bag in navy forest animals with a magnetic closure – no tape, no waste. Folds flat to store and reuse every season."
evergift-cozy-small,"EverEnvelope Reusable Gift Bag – Black & White, Small","<p>The EverEnvelope is a reusable gift bag in black and white with a magnetic flap closure. Tuck your gift inside, snap it shut and it&#39;s wrapped in seconds – no tape, no waste.</p><ul><li><strong>Color:</strong> Black and white</li><li><strong>Size:</strong> Small – 9.5&quot; x 7.5&quot; x 4.5&quot;</li><li><strong>Fits gifts like:</strong> a journal and pen set, candles and bath salts, chocolate bars</li><li><strong>Magnetic closure:</strong> snaps shut and opens easily, again and again</li><li><strong>Heavy-duty:</strong> built for maximum reusability and folds flat for storage</li><li><strong>Make it yours:</strong> Add an EverBow and charm for extra flair (sold separately)</li></ul><p>Perfect for birthdays, Christmas, baby showers, weddings, Mother&#39;s Day and every celebration in between.</p>","Black & White Reusable Gift Bag, Small | EverWrap","Reusable small gift bag in black & white with a magnetic closure – no tape, no waste. Folds flat to store and reuse every season."
copy-of-evergift-cozy-medium,"EverEnvelope Reusable Gift Bag – Black, White & Marigold, Medium","<p>The EverEnvelope is a reusable gift bag in black, white and marigold with a magnetic flap closure. Tuck your gift inside, snap it shut and it&#39;s wrapped in seconds – no tape, no waste.</p><ul><li><strong>Color:</strong> Black, white and marigold</li><li><strong>Size:</strong> Medium – 13&quot; x 10.5&quot; x 6.25&quot;</li><li><strong>Fits gifts like:</strong> children&#39;s shoes, electronics, kitchen utensil sets</li><li><strong>Magnetic closure:</strong> snaps shut and opens easily, again and again</li><li><strong>Heavy-duty:</strong> built for maximum reusability and folds flat for storage</li><li><strong>Make it yours:</strong> Add an EverBow and charm for extra flair (sold separately)</li></ul><p>Perfect for birthdays, Christmas, baby showers, weddings, Mother&#39;s Day and every celebration in between.</p>","Black, White & Marigold Reusable Gift Bag, Medium | EverWrap","Reusable medium gift bag in black, white & marigold with a magnetic closure – no tape, no waste. Folds flat to store and reuse every season."
evergift-cozy-large,"EverEnvelope Reusable Gift Bag – Pink, Large","<p>The EverEnvelope is a reusable gift bag in pink with a magnetic flap closure. Tuck your gift inside, snap it shut and it&#39;s wrapped in seconds – no tape, no waste.</p><ul><li><strong>Color:</strong> Pink</li><li><strong>Size:</strong> Large – 16.25&quot; x 13.5&quot; x 6.5&quot;</li><li><strong>Fits gifts like:</strong> men&#39;s shoes, large tablets, cozy sweaters</li><li><strong>Magnetic closure:</strong> snaps shut and opens easily, again and again</li><li><strong>Heavy-duty:</strong> built for maximum reusability and folds flat for storage</li><li><strong>Make it yours:</strong> Add an EverBow and charm for extra flair (sold separately)</li></ul><p>Perfect for birthdays, Christmas, baby showers, weddings, Mother&#39;s Day and every celebration in between.</p>","Pink Reusable Gift Bag, Large | EverWrap","Reusable large gift bag in pink with a magnetic closure – no tape, no waste. Folds flat to store and reuse every season."
everbag-cabin-small,"EverBag Reusable Gift Bag – Blue Berry Foliage, Small","<p>The EverBag is a reusable gift bag in blue with a berry and green foliage print with a royal blue satin ribbon sewn right in. Place your gift inside, tie a bow and it&#39;s ready to give – no tissue paper, tape or scissors.</p><ul><li><strong>Color:</strong> Blue with a berry and green foliage print with a royal blue satin ribbon</li><li><strong>Size:</strong> Small – 8&quot; x 8&quot; x 4.5&quot;</li><li><strong>Fits gifts like:</strong> jewelry, candles and beauty treats</li><li><strong>Ribbon sewn in:</strong> a beautiful bow every time, no tissue paper needed</li><li><strong>Stores flat:</strong> folds completely flat for easy, organized storage</li><li><strong>Make it yours:</strong> Add an EverBow and charm for extra flair (sold separately)</li></ul><p>Perfect for birthdays, Christmas, baby showers, weddings, Mother&#39;s Day and every celebration in between.</p>","Blue Berry Foliage Reusable Gift Bag, Small | EverWrap","Reusable small gift bag in blue with a berry and foliage print and a royal blue satin bow. Wrap a gift in seconds, then use it again and again."
everbag-cabin-medium,"EverBag Reusable Gift Bag – Red Knit Sweater, Medium","<p>The EverBag is a reusable gift bag in holiday red with a knitted sweater design with a red satin ribbon sewn right in. Place your gift inside, tie a bow and it&#39;s ready to give – no tissue paper, tape or scissors. The cozy knit design is made for Christmas and winter birthdays.</p><ul><li><strong>Color:</strong> Holiday red with a knitted sweater design with a red satin ribbon</li><li><strong>Size:</strong> Medium – 11.5&quot; x 9&quot; x 7&quot;</li><li><strong>Fits gifts like:</strong> books, clothing and toys</li><li><strong>Ribbon sewn in:</strong> a beautiful bow every time, no tissue paper needed</li><li><strong>Stores flat:</strong> folds completely flat for easy, organized storage</li><li><strong>Make it yours:</strong> Add an EverBow and charm for extra flair (sold separately)</li></ul><p>Perfect for birthdays, Christmas, baby showers, weddings, Mother&#39;s Day and every celebration in between.</p>","Red Knit Sweater Reusable Gift Bag, Medium | EverWrap","Reusable medium gift bag in red knit sweater with a red satin bow closure. Wrap a gift in seconds, then use it again and again. Zero-waste gifting by EverWrap."
everbag-cozy-small,"EverBag Reusable Gift Bag – Grey & Gold Floral, Small","<p>The EverBag is a reusable gift bag in grey and gold floral with a gold satin ribbon sewn right in. Place your gift inside, tie a bow and it&#39;s ready to give – no tissue paper, tape or scissors.</p><ul><li><strong>Color:</strong> Grey and gold floral with a gold satin ribbon</li><li><strong>Size:</strong> Small – 8&quot; x 8&quot; x 4.5&quot;</li><li><strong>Fits gifts like:</strong> jewelry, candles and beauty treats</li><li><strong>Ribbon sewn in:</strong> a beautiful bow every time, no tissue paper needed</li><li><strong>Stores flat:</strong> folds completely flat for easy, organized storage</li><li><strong>Make it yours:</strong> Add an EverBow and charm for extra flair (sold separately)</li></ul><p>Perfect for birthdays, Christmas, baby showers, weddings, Mother&#39;s Day and every celebration in between.</p>","Grey & Gold Floral Reusable Gift Bag, Small | EverWrap","Reusable small gift bag in grey & gold floral with a gold satin bow closure. Wrap a gift in seconds, then use it again and again."
everbag-cozy-medium,"EverBag Reusable Gift Bag – Buffalo Check, Medium","<p>The EverBag is a reusable gift bag in black and white buffalo check with a gold satin ribbon sewn right in. Place your gift inside, tie a bow and it&#39;s ready to give – no tissue paper, tape or scissors.</p><ul><li><strong>Color:</strong> Black and white buffalo check with a gold satin ribbon</li><li><strong>Size:</strong> Medium – 11.5&quot; x 9&quot; x 7&quot;</li><li><strong>Fits gifts like:</strong> books, clothing and toys</li><li><strong>Ribbon sewn in:</strong> a beautiful bow every time, no tissue paper needed</li><li><strong>Stores flat:</strong> folds completely flat for easy, organized storage</li><li><strong>Make it yours:</strong> Add an EverBow and charm for extra flair (sold separately)</li></ul><p>Perfect for birthdays, Christmas, baby showers, weddings, Mother&#39;s Day and every celebration in between.</p>","Buffalo Check Reusable Gift Bag, Medium | EverWrap","Reusable medium gift bag in buffalo check with a gold satin bow closure. Wrap a gift in seconds, then use it again and again. Zero-waste gifting by EverWrap."
everbag-small-green-floral-print-with-ivory-satin-bow,"EverBag Reusable Gift Bag – Green Floral, Small","<p>The EverBag is a reusable gift bag in green floral with an ivory satin ribbon sewn right in. Place your gift inside, tie a bow and it&#39;s ready to give – no tissue paper, tape or scissors.</p><ul><li><strong>Color:</strong> Green floral with an ivory satin ribbon</li><li><strong>Size:</strong> Small – 8&quot; x 8&quot; x 4.5&quot;</li><li><strong>Fits gifts like:</strong> jewelry, candles and beauty treats</li><li><strong>Ribbon sewn in:</strong> a beautiful bow every time, no tissue paper needed</li><li><strong>Stores flat:</strong> folds completely flat for easy, organized storage</li><li><strong>Make it yours:</strong> Add an EverBow and charm for extra flair (sold separately)</li></ul><p>Perfect for birthdays, Christmas, baby showers, weddings, Mother&#39;s Day and every celebration in between.</p>","Green Floral Reusable Gift Bag, Small | EverWrap","Reusable small gift bag in green floral with a ivory satin bow closure. Wrap a gift in seconds, then use it again and again. Zero-waste gifting by EverWrap."
everbag-medium-green-buffalo-plaid-with-ivory-satin-bow-copy,"EverBag Reusable Gift Bag – Green Buffalo Plaid, Medium","<p>The EverBag is a reusable gift bag in green buffalo plaid with an ivory satin ribbon sewn right in. Place your gift inside, tie a bow and it&#39;s ready to give – no tissue paper, tape or scissors.</p><ul><li><strong>Color:</strong> Green buffalo plaid with an ivory satin ribbon</li><li><strong>Size:</strong> Medium – 11.5&quot; x 9&quot; x 7&quot;</li><li><strong>Fits gifts like:</strong> books, clothing and toys</li><li><strong>Ribbon sewn in:</strong> a beautiful bow every time, no tissue paper needed</li><li><strong>Stores flat:</strong> folds completely flat for easy, organized storage</li><li><strong>Make it yours:</strong> Add an EverBow and charm for extra flair (sold separately)</li></ul><p>Perfect for birthdays, Christmas, baby showers, weddings, Mother&#39;s Day and every celebration in between.</p>","Green Buffalo Plaid Reusable Gift Bag, Medium | EverWrap","Reusable medium gift bag in green buffalo plaid with a ivory satin bow closure. Wrap a gift in seconds, then use it again and again."
everbag-large-cotton-black-grid-tie-bag-with-satin-ribbon-closure,"EverTie Tie Gift Bag – Black Grid, Large","<p>Big or awkwardly shaped gift? The EverTie is a large, reusable cotton gift bag in black and white grid with a satin ribbon tie. Slip the gift inside, tie a bow and it&#39;s wrapped – no tissue, tape or hassle.</p><ul><li><strong>Color:</strong> Black and white grid</li><li><strong>Size:</strong> Large – 27&quot; x 19&quot;</li><li><strong>Fits gifts like:</strong> roller blades, cozy blankets and big toys such as basketball, baseball or soccer sets</li><li><strong>Satin ribbon tie:</strong> closes with a bow in seconds</li><li><strong>Cotton and reusable:</strong> wrap big gifts again and again instead of using paper</li></ul><p>Perfect for birthdays, Christmas, baby showers, weddings, Mother&#39;s Day and every celebration in between.</p>","Black Grid Reusable Tie Gift Bag, Large | EverWrap",Large reusable tie gift bag in black grid with a satin ribbon tie closure. Fits bigger gifts and reuses year after year. Zero-waste gifting by EverWrap.
everbag-large-cotton-blue-tie-bag-with-satin-ribbon-closure,"EverTie Tie Gift Bag – Blue, Large","<p>Big or awkwardly shaped gift? The EverTie is a large, reusable cotton gift bag in blue with a satin ribbon tie. Slip the gift inside, tie a bow and it&#39;s wrapped – no tissue, tape or hassle.</p><ul><li><strong>Color:</strong> Blue</li><li><strong>Size:</strong> Large – 27&quot; x 19&quot;</li><li><strong>Fits gifts like:</strong> roller blades, cozy blankets and big toys such as basketball, baseball or soccer sets</li><li><strong>Satin ribbon tie:</strong> closes with a bow in seconds</li><li><strong>Cotton and reusable:</strong> wrap big gifts again and again instead of using paper</li></ul><p>Perfect for birthdays, Christmas, baby showers, weddings, Mother&#39;s Day and every celebration in between.</p>","Blue Reusable Tie Gift Bag, Large | EverWrap",Large reusable tie gift bag in blue with a satin ribbon tie closure. Fits bigger gifts and reuses year after year. Zero-waste gifting by EverWrap.
everbow,EverBow Reusable Gift Bow – Black,"<p>Add the finishing touch in seconds. The EverBow is a reusable 5&quot; grosgrain gift bow in black that attaches to and detaches from EverBags and EverEnvelopes – no tape or tying needed.</p><ul><li><strong>Color:</strong> Black</li><li><strong>Size:</strong> 5&quot; bow</li><li><strong>Durable grosgrain:</strong> holds its shape gift after gift</li><li><strong>Easy on, easy off:</strong> attaches to EverBags and EverEnvelopes</li><li><strong>Swap the look:</strong> add, remove or change charms (sold separately)</li></ul><p>Style your gift beautifully – the EverWrap way.</p>",Black Reusable Gift Bow | EverWrap,"Reusable 5"" black grosgrain gift bow that attaches and detaches in seconds – no tape or tying. Pairs with EverBags and EverEnvelopes."
everbow-navy,EverBow Reusable Gift Bow – Navy,"<p>Add the finishing touch in seconds. The EverBow is a reusable 5&quot; grosgrain gift bow in navy that attaches to and detaches from EverBags and EverEnvelopes – no tape or tying needed.</p><ul><li><strong>Color:</strong> Navy</li><li><strong>Size:</strong> 5&quot; bow</li><li><strong>Durable grosgrain:</strong> holds its shape gift after gift</li><li><strong>Easy on, easy off:</strong> attaches to EverBags and EverEnvelopes</li><li><strong>Swap the look:</strong> add, remove or change charms (sold separately)</li></ul><p>Style your gift beautifully – the EverWrap way.</p>",Navy Reusable Gift Bow | EverWrap,"Reusable 5"" navy grosgrain gift bow that attaches and detaches in seconds – no tape or tying. Pairs with EverBags and EverEnvelopes."
everbow-pink,EverBow Reusable Gift Bow – Pink,"<p>Add the finishing touch in seconds. The EverBow is a reusable 5&quot; grosgrain gift bow in pink that attaches to and detaches from EverBags and EverEnvelopes – no tape or tying needed.</p><ul><li><strong>Color:</strong> Pink</li><li><strong>Size:</strong> 5&quot; bow</li><li><strong>Durable grosgrain:</strong> holds its shape gift after gift</li><li><strong>Easy on, easy off:</strong> attaches to EverBags and EverEnvelopes</li><li><strong>Swap the look:</strong> add, remove or change charms (sold separately)</li></ul><p>Style your gift beautifully – the EverWrap way.</p>",Pink Reusable Gift Bow | EverWrap,"Reusable 5"" pink grosgrain gift bow that attaches and detaches in seconds – no tape or tying. Pairs with EverBags and EverEnvelopes."
everbow-red,EverBow Reusable Gift Bow – Red,"<p>Add the finishing touch in seconds. The EverBow is a reusable 5&quot; grosgrain gift bow in red that attaches to and detaches from EverBags and EverEnvelopes – no tape or tying needed.</p><ul><li><strong>Color:</strong> Red</li><li><strong>Size:</strong> 5&quot; bow</li><li><strong>Durable grosgrain:</strong> holds its shape gift after gift</li><li><strong>Easy on, easy off:</strong> attaches to EverBags and EverEnvelopes</li><li><strong>Swap the look:</strong> add, remove or change charms (sold separately)</li></ul><p>Style your gift beautifully – the EverWrap way.</p>",Red Reusable Gift Bow | EverWrap,"Reusable 5"" red grosgrain gift bow that attaches and detaches in seconds – no tape or tying. Pairs with EverBags and EverEnvelopes."
gift-tags,Recycled Paper Gift Tags – 10 Pack,"<p>Finish your reusable gift wrap with EverWrap gift tags, printed on recycled paper. Each tag carries a gentle reminder: &ldquo;This gift wrap is meant to be reused. Re-gift or return to sender.&rdquo;</p><ul><li><strong>Color:</strong> Natural kraft</li><li><strong>Size:</strong> 3.5&quot; x 2&quot; tags</li><li><strong>In the pack:</strong> 10 gift tags and 10 self-fastening waxed cotton ropes</li><li><strong>Recycled paper:</strong> noted on the back of every tag</li></ul><p>Perfect for holidays, birthdays and everyday celebrations.</p>","Recycled Paper Gift Tags, 10 Pack | EverWrap","Pack of 10 gift tags printed on recycled paper with a reminder to reuse: ""Re-gift or return to sender."" The finishing touch for reusable gift wrap."
charms-wooden-tag-with-gold-heart,Wooden Gold Heart Gift Charm,"<p>A sweet finishing touch for any gift. This wooden tag charm with a painted gold heart attaches to any EverBow, so you can dress up a gift in seconds.</p><ul><li><strong>Color:</strong> Natural wood with a painted gold heart</li><li><strong>Size:</strong> about 2&quot; x 3.5&quot;</li><li><strong>Material:</strong> Wood</li><li><strong>Fits:</strong> any EverBow (sold separately)</li><li><strong>Perfect for:</strong> Valentine&#39;s Day, anniversaries and birthdays</li></ul><p>Reuse it on gift after gift.</p>",Wooden Gold Heart Gift Charm | EverWrap,"Wooden gift tag charm with a painted gold heart that attaches to any EverBow. A sweet, reusable touch for Valentine's Day and birthdays."
charm-wooden-tag-with-gold-heart-copy,Wooden Snowflake Gift Charm,"<p>A sweet finishing touch for any gift. This wooden snowflake charm attaches to any EverBow, so you can dress up a gift in seconds.</p><ul><li><strong>Color:</strong> Natural wood</li><li><strong>Size:</strong> about 3.75&quot; across</li><li><strong>Material:</strong> Natural wood</li><li><strong>Fits:</strong> any EverBow (sold separately)</li><li><strong>Perfect for:</strong> winter gifts and the holidays</li></ul><p>Reuse it on gift after gift.</p>",Wooden Snowflake Gift Charm | EverWrap,"Wooden snowflake charm that attaches to any EverBow. A reusable finishing touch for holiday gifts, winter birthdays and more."
charm-wooden-snowflake-copy,Alloy Star Gift Charm,"<p>A sweet finishing touch for any gift. This white alloy star charm has a gold crackle finish and attaches to any EverBow, so you can dress up a gift in seconds.</p><ul><li><strong>Color:</strong> White with a gold crackle finish</li><li><strong>Size:</strong> about 3&quot; across</li><li><strong>Material:</strong> White alloy with a gold crackle finish</li><li><strong>Fits:</strong> any EverBow (sold separately)</li><li><strong>Perfect for:</strong> holiday gifts and celebrations</li></ul><p>Reuse it on gift after gift.</p>",Alloy Star Gift Charm | EverWrap,"White alloy star charm with a gold crackle finish that attaches to any EverBow. A reusable finishing touch for birthdays, holidays and celebrations."
charm-tree,Alloy Tree Gift Charm,"<p>A sweet finishing touch for any gift. This white alloy tree charm has a gold crackle finish and attaches to any EverBow, so you can dress up a gift in seconds.</p><ul><li><strong>Color:</strong> White with a gold crackle finish</li><li><strong>Size:</strong> about 3&quot; x 2.5&quot;</li><li><strong>Material:</strong> White alloy with a gold crackle finish</li><li><strong>Fits:</strong> any EverBow (sold separately)</li><li><strong>Perfect for:</strong> Christmas and holiday gifts</li></ul><p>Reuse it on gift after gift.</p>",Alloy Tree Gift Charm | EverWrap,White alloy tree charm with a gold crackle finish that attaches to any EverBow. A reusable finishing touch for holiday gifts and more.
cabin-kit,"Reusable Gift Wrap Starter Set – Large, Red, Blue & White","<p>Everything you need to wrap your way through the year – sustainably and in style. This large reusable gift wrap starter set in red, blue and white folds flat, stores easily and is ready for birthdays, holidays and &ldquo;just because&rdquo; gifts.</p><ul><li><strong>Colors:</strong> Red, blue and white</li><li><strong>Set size:</strong> Large</li><li><strong>Includes:</strong> 2 EverBags (Small + Medium), 3 EverEnvelopes (Small, Medium + Large), 4 EverBoxes (Small, Medium, Large + XL), 1 EverTie tie bag (Large), 3 EverBows with charms, 1 set of gift tags</li></ul><p>Wrap. Gift. Repeat.</p>","Large Gift Wrap Starter Set, Red, Blue & White | EverWrap","Large reusable gift wrap starter set in red, blue & white. Wrap every gift, then fold it flat and reuse it next season. Zero-waste gifting by EverWrap."
13-piece-extra-strong-reusable-gift-wrap-collection-in-pink-gold-and-black-make-your-christmas-zero-waste-and-sustainable-with-reusable-gift-wrap-that-collapses-and-stores-for-use-year-after-year,"Reusable Gift Wrap Starter Set – Large, Pink, Gold & Black","<p>Everything you need to wrap your way through the year – sustainably and in style. This large reusable gift wrap starter set in pink, gold and black folds flat, stores easily and is ready for birthdays, holidays and &ldquo;just because&rdquo; gifts.</p><ul><li><strong>Colors:</strong> Pink, gold and black</li><li><strong>Set size:</strong> Large</li><li><strong>Includes:</strong> 2 EverBags (Small + Medium), 3 EverEnvelopes (Small, Medium + Large), 4 EverBoxes (Small, Medium, Large + XL), 1 EverTie tie bag (Large), 3 EverBows with charms, 1 set of gift tags</li></ul><p>Wrap. Gift. Repeat.</p>","Large Gift Wrap Starter Set, Pink, Gold & Black | EverWrap","Large reusable gift wrap starter set in pink, gold & black. Wrap every gift, then fold it flat and reuse it next season. Zero-waste gifting by EverWrap."
small-starter-bundle-reusable-gift-wrap-bags-sustainable-foldable-eco-friendly,"Reusable Gift Wrap Starter Set – Medium, Red & Blue","<p>Everything you need to wrap your way through the year – sustainably and in style. This medium reusable gift wrap starter set in red and blue folds flat, stores easily and is ready for birthdays, holidays and &ldquo;just because&rdquo; gifts.</p><ul><li><strong>Colors:</strong> Red and blue</li><li><strong>Set size:</strong> Medium</li><li><strong>Includes:</strong> 1 EverBox (XL), 1 EverTie tie bag (Large), 2 EverBags (Small + Medium), 2 EverEnvelopes (Small + Medium), 3 EverBows with charms, 1 set of gift tags</li></ul><p>Wrap. Gift. Repeat.</p>","Medium Gift Wrap Starter Set, Red & Blue | EverWrap","Medium reusable gift wrap starter set in red & blue. Wrap every gift on your list, then fold it flat and reuse it next season. Zero-waste gifting by EverWrap."
small-starter-bundle-reusable-gift-wrap-bags-sustainable-foldable-eco-friendly-1,"Reusable Gift Wrap Starter Set – Medium, Pink, Gold & Black","<p>Everything you need to wrap your way through the year – sustainably and in style. This medium reusable gift wrap starter set in pink, gold and black folds flat, stores easily and is ready for birthdays, holidays and &ldquo;just because&rdquo; gifts.</p><ul><li><strong>Colors:</strong> Pink, gold and black</li><li><strong>Set size:</strong> Medium</li><li><strong>Includes:</strong> 1 EverBox (XL), 1 EverTie tie bag (Large), 2 EverBags (Small + Medium), 2 EverEnvelopes (Small + Medium), 3 EverBows with charms, 1 set of gift tags</li></ul><p>Wrap. Gift. Repeat.</p>","Medium Gift Wrap Starter Set, Pink, Gold & Black | EverWrap","Medium reusable gift wrap starter set in pink, gold & black. Wrap every gift on your list, then fold it flat and reuse it next season."
medium-bundle-reusable-gift-wrap-bags-sustainable-foldable-eco-friendly-green-and-pink,"Reusable Gift Wrap Starter Set – Medium, Green & Pink","<p>Everything you need to wrap your way through the year – sustainably and in style. This medium reusable gift wrap starter set in green and pink folds flat, stores easily and is ready for birthdays, holidays and &ldquo;just because&rdquo; gifts.</p><ul><li><strong>Colors:</strong> Green and pink</li><li><strong>Set size:</strong> Medium</li><li><strong>Includes:</strong> 1 EverEnvelope (Large), 1 EverBox (Medium), 4 EverBags (2 Small + 2 Medium), 1 EverBow, 1 charm, 1 set of gift tags</li></ul><p>Wrap. Gift. Repeat.</p>","Medium Gift Wrap Starter Set, Green & Pink | EverWrap","Medium reusable gift wrap starter set in green & pink. Wrap every gift on your list, then fold it flat and reuse it next season. Zero-waste gifting by EverWrap."
small-bundle-reusable-gift-wrap-bags-sustainable-foldable-eco-friendly,"Reusable Gift Wrap Starter Set – Small, Red & Blue","<p>Everything you need to wrap your way through the year – sustainably and in style. This small reusable gift wrap starter set in red and blue folds flat, stores easily and is ready for birthdays, holidays and &ldquo;just because&rdquo; gifts.</p><ul><li><strong>Colors:</strong> Red and blue</li><li><strong>Set size:</strong> Small</li><li><strong>Includes:</strong> 1 EverTie tie bag (Large), 1 EverBag (Medium), 1 EverEnvelope (Medium), 1 EverBox (Small), 2 EverBows, 2 charms, 1 set of gift tags</li></ul><p>Wrap. Gift. Repeat.</p>","Small Gift Wrap Starter Set, Red & Blue | EverWrap","Small reusable gift wrap starter set in red & blue. Wrap every gift on your list, then fold it flat and reuse it next season. Zero-waste gifting by EverWrap."
monthly-match-august-2025,"Reusable Gift Wrap Starter Set – Small, Pink, Gold & Black","<p>Everything you need to wrap your way through the year – sustainably and in style. This small reusable gift wrap starter set in pink, gold and black folds flat, stores easily and is ready for birthdays, holidays and &ldquo;just because&rdquo; gifts.</p><ul><li><strong>Colors:</strong> Pink, gold and black</li><li><strong>Set size:</strong> Small</li><li><strong>Includes:</strong> 1 EverTie tie bag (Large), 1 EverBag (Medium), 1 EverEnvelope (Medium), 1 EverBox (Small), 2 EverBows, 2 charms, 1 set of gift tags</li></ul><p>Wrap. Gift. Repeat.</p>","Small Gift Wrap Starter Set, Pink, Gold & Black | EverWrap","Small reusable gift wrap starter set in pink, gold & black. Wrap every gift, then fold it flat and reuse it next season. Zero-waste gifting by EverWrap."
