Handle,Title,Body (HTML),Option1 Name,Option1 Value,SEO Title,SEO Description
everbox-cabin-mini,EverBox: Small Red + White Collapsible Gift Box with Red Satin Ribbon,"<p data-start=""133"" data-end=""189"">🎁 <strong data-start=""136"" data-end=""187"">Collapsible Gift Box – Small Gifts, Big Impact!</strong></p>
<p data-start=""191"" data-end=""454"">The simplest all-in-one solution for reusable gift wrapping. Just tie the built-in bow, and your standout gift is beautifully wrapped—no waste, no hassle! Let’s cut down on wrapping paper and single-use boxes with the EverBox for stunning, sustainable presents.</p>
<p data-start=""456"" data-end=""601"">Foldable, storable, and endlessly reusable, this all-in-one box is perfect for smaller gifts like:<br data-start=""554"" data-end=""557"">✨ Jewelry<br data-start=""566"" data-end=""569"">✨ Scarves &amp; gloves<br data-start=""587"" data-end=""590"">✨ Candles</p>
<p data-start=""603"" data-end=""630"">📏 <strong data-start=""606"" data-end=""615"">Size:</strong> 8"" x 8"" x 8""</p>
<p data-start=""603"" data-end=""630""><span> (Reusable Gift Wrap – Sustainable, Foldable, Eco-Friendly)</span></p>",Title,Default Title,,"Collapsible Gift Box Price Includes 2 Large EverBoxes Two-Piece Gift Box Price Includes 2 Large EverBoxs.  It's the simplest all-in one solution for reusable gift wrapping. With just the tie of a bow, this standout gift is wrapped! Together we can decrease our wrapping paper waste and use EverWrap gift wrap for beautiful presents."
everbox-cabin-small,EverBox: Medium Navy Blue Collapsible Gift Box with White + Navy Grosgrain Ribbon,"<p dir=""ltr""><strong>Why you'll love it</strong></p>
<ul dir=""ltr"">
<li>
<strong>Wraps gifts in seconds:</strong> no cutting, taping or folding paper</li>
<li>
<strong>Satin ribbon sewn in:</strong> a beautiful bow every time, no tissue paper needed</li>
<li>
<strong>Reusable gift wrap:</strong> replaces single-use gift bags and wrapping paper</li>
<li>
<strong>Saves money:</strong> stop buying new gift bags for every birthday and holiday</li>
<li>
<strong>Stores flat:</strong> folds completely flat for easy, organized storage</li>
</ul>
<p dir=""ltr""><strong>Size:</strong> 12"" x 8"" x 8""</p>
<p dir=""ltr"">Perfect for birthdays, Christmas, baby showers, weddings, Mother's Day and every celebration in between.</p>
<p dir=""ltr""><strong>Earth friendly 🌎</strong> Every time you reuse your EverWrap gift box, that's one less gift bag or sheet of wrapping paper in the trash.</p>",Title,Default Title,,"Collapsible Gift Box Price Includes 2 Large EverBoxes Two-Piece Gift Box Price Includes 2 Large EverBoxs.  It's the simplest all-in one solution for reusable gift wrapping. With just the tie of a bow, this standout gift is wrapped! Together we can decrease our wrapping paper waste and use EverWrap gift wrap for beautiful presents."
everbox-cabin-medium,EverBox: Large Blue Plaid Collapsible Gift Box with Blue Satin Ribbon,"<h3><span>Collapsible Gift Box</span></h3>
<p><span>ECO FRIENDLY 🌎 SAY NO TO PLASTIC BAGS 🌎 Reduce the gift wrap bag and paper waste</span></p>
<p><span>It's the simplest all-in-one solution for reusable gift wrapping. With just the tie of a bow, this standout gift is wrapped! Together we can decrease our wrapping paper and single use gift box waste and use the EverBox for beautiful presents.</span></p>
<p><span>Foldable, storable and highly usable this all inclusive box is perfect for Larger size gifts items such as:</span></p>
<ul>
<li>Set of wine glasses and bottle of wine<br>
</li>
<li>Trousers and Sweater</li>
<li>Larger size toy </li>
</ul>
<p><span>Measurements: 16 x 12 x 8""</span></p>
<p><span> (Reusable Gift Wrap – Sustainable, Foldable, Eco-Friendly)<br></span></p>",Title,Default Title,,"Collapsible Gift Box Price Includes 2 Large EverBoxes Two-Piece Gift Box Price Includes 2 Large EverBoxs.  It's the simplest all-in one solution for reusable gift wrapping. With just the tie of a bow, this standout gift is wrapped! Together we can decrease our wrapping paper waste and use EverWrap gift wrap for beautiful presents."
everbox-cabin-large,EverBox: Extra Large Red Collapsible Gift Box with White Grosgrain Ribbon Attached,"<h3><span>Collapsible Gift Box</span></h3>
<p><span>ECO FRIENDLY 🌎 SAY NO TO PLASTIC BAGS 🌎 Reduce the gift wrap bag and paper waste</span></p>
<p><span>It's the simplest all-in-one solution for reusable gift wrapping. With just the tie of a bow, this standout gift is wrapped! Together we can decrease our wrapping paper waste and use EverWrap gift wrap for beautiful presents.</span></p>
<p><span>This all inclusive box is perfect for Larger size gifts items such as:</span></p>
<ul>
<li>Laptop with all the extras<br>
</li>
<li>Winter coat<br>
</li>
<li>New set of bathroom towels<br>
</li>
</ul>
<p><span>Measurements: 16 x 12 x 12""</span></p>
<p><span>(Reusable Gift Wrap – Sustainable, Foldable, Eco-Friendly)<br><br></span></p>",Title,Default Title,,"Collapsible Gift Box Price Includes 2 Large EverBoxes Two-Piece Gift Box Price Includes 2 Large EverBoxs.  It's the simplest all-in one solution for reusable gift wrapping. With just the tie of a bow, this standout gift is wrapped! Together we can decrease our wrapping paper waste and use EverWrap gift wrap for beautiful presents."
copy-of-everbox-cozy-mini,"EverBox: Small Black, White and Pink Collapsible Gift Box with White Satin Ribbon","<p data-start=""133"" data-end=""189"">🎁 <strong data-start=""136"" data-end=""187"">Collapsible Gift Box – Small Gifts, Big Impact!</strong></p>
<p data-start=""191"" data-end=""454"">The simplest all-in-one solution for reusable gift wrapping. Just tie the built-in bow, and your standout gift is beautifully wrapped—no waste, no hassle! Let’s cut down on wrapping paper and single-use boxes with the EverBox for stunning, sustainable presents.</p>
<p data-start=""456"" data-end=""601"">Foldable, storable, and endlessly reusable, this all-in-one box is perfect for smaller gifts like:<br data-start=""554"" data-end=""557"">✨ Jewelry<br data-start=""566"" data-end=""569"">✨ Scarves &amp; gloves<br data-start=""587"" data-end=""590"">✨ Candles</p>
<p data-start=""603"" data-end=""630"">📏 <strong data-start=""606"" data-end=""615"">Size:</strong> 8"" x 8"" x 8""<span></span></p>",Title,Default Title,,"Collapsible Gift Box Price Includes 2 Large EverBoxes Two-Piece Gift Box Price Includes 2 Large EverBoxs.  It's the simplest all-in one solution for reusable gift wrapping. With just the tie of a bow, this standout gift is wrapped! Together we can decrease our wrapping paper waste and use EverWrap gift wrap for beautiful presents."
everbox-cozy-small,EverBox: Medium Pink Collapsible Gift Box with Black + White Grosgrain Ribbon,"<p data-end=""169"" data-start=""112"">🎁 <strong data-end=""167"" data-start=""115"">Collapsible Gift Box – Easy, Reusable, Stunning!</strong></p>
<p data-end=""433"" data-start=""171"">The simplest all-in-one solution for reusable gift wrapping. Just tie the built-in bow, and your standout gift is beautifully wrapped—no waste, no hassle! Let’s cut down on wrapping paper and single-use boxes by choosing the EverBox for every special occasion.</p>
<p data-end=""593"" data-start=""435"">Foldable, storable, and endlessly reusable, this all-in-one box is perfect for medium-sized gifts like:<br data-end=""541"" data-start=""538"">✨ Shoes<br data-end=""551"" data-start=""548"">✨ Scarves &amp; gloves<br data-end=""572"" data-start=""569"">✨ Medium-sized toys</p>
<p data-end=""623"" data-start=""595"">📏 <strong data-end=""607"" data-start=""598"">Size:</strong> 12"" x 8"" x 8""<span></span></p>
<p data-end=""623"" data-start=""595""><span> (Reusable Gift Wrap – Sustainable, Foldable, Eco-Friendly)</span></p>",Title,Default Title,,"Collapsible Gift Box Price Includes 2 Large EverBoxes Two-Piece Gift Box Price Includes 2 Large EverBoxs.  It's the simplest all-in one solution for reusable gift wrapping. With just the tie of a bow, this standout gift is wrapped! Together we can decrease our wrapping paper waste and use EverWrap gift wrap for beautiful presents."
everbox-cozy-medium,EverBox: Large Pink Plaid Collapsible Gift Box with White Satin Ribbon,"<p dir=""ltr""><strong>Why you'll love it</strong></p>
<ul dir=""ltr"">
<li>
<strong>Wraps gifts in seconds:</strong> no cutting, taping or folding paper</li>
<li>
<strong>Satin ribbon sewn in:</strong> a beautiful bow every time, no tissue paper needed</li>
<li>
<strong>Reusable gift wrap:</strong> replaces single-use gift bags and wrapping paper</li>
<li>
<strong>Saves money:</strong> stop buying new gift bags for every birthday and holiday</li>
<li>
<strong>Stores flat:</strong> folds completely flat for easy, organized storage</li>
</ul>
<p dir=""ltr""><strong>Size:</strong> 16"" x 12"" x 8""</p>
<p dir=""ltr"">Perfect for birthdays, Christmas, baby showers, weddings, Mother's Day and every celebration in between.</p>
<p dir=""ltr""><strong>Earth friendly 🌎</strong> Every time you reuse your EverWrap gift box, that's one less gift bag or sheet of wrapping paper in the trash.</p>",Title,Default Title,,"Collapsible Gift Box Price Includes 2 Large EverBoxes Two-Piece Gift Box Price Includes 2 Large EverBoxs.  It's the simplest all-in one solution for reusable gift wrapping. With just the tie of a bow, this standout gift is wrapped! Together we can decrease our wrapping paper waste and use EverWrap gift wrap for beautiful presents."
everbox-large,EverBox: Extra Large Yellow Collapsible Gift Box with White Grosgrain Ribbon Attached,"<h3><span>Collapsible Gift Box</span></h3>
<p><span>It's the simplest all-in-one solution for reusable gift wrapping. With just the tie of a bow, this standout gift is wrapped! Together we can decrease our wrapping paper waste and use EverWrap gift wrap for beautiful presents.</span></p>
<p><span>This all inclusive box is perfect for Larger size gifts items such as:</span></p>
<ul>
<li>Laptop with all the extras<br>
</li>
<li>Winter coat<br>
</li>
<li>New set of bathroom towels<br>
</li>
</ul>
<p><span>Measurements: 16 x 12 x 12""</span></p>
<p><span>(Reusable Gift Wrap – Sustainable, Foldable, Eco-Friendly)<br><br></span></p>",Title,Default Title,,
evergift-cabin-small,EverEnvelope: Small Blue and Red Print Reusable Gift Bag with Magnetic Closure,"<p data-start=""152"" data-end=""209"">🎁 <strong data-start=""155"" data-end=""207"">Quick Gift Package – Wrap Small Gifts in a Snap!</strong></p>
<p data-start=""211"" data-end=""504"">The simplest all-in-one solution for reusable gift wrapping. Just pop your gift inside, close the magnetic flap, and you’re done—no tape or waste! Compatible with our EverWrap Trimmings for extra flair. Together, we can ditch single-use wrapping and make every gift gorgeous and sustainable.</p>
<p data-start=""506"" data-end=""623"">Perfect for small treasures like:<br data-start=""539"" data-end=""542"">✨ Journal &amp; pen sets<br data-start=""562"" data-end=""565"">✨ Candles &amp; bath salts<br data-start=""587"" data-end=""590"">✨ Collections of chocolate bars</p>
<p data-start=""625"" data-end=""700"">📏 <strong data-start=""628"" data-end=""637"">Size:</strong> 9.5"" x 7.5"" x 4.5""<br data-start=""656"" data-end=""659""><em data-start=""659"" data-end=""698"">Bow and snowflake charm not included.</em><span></span></p>
<p data-start=""625"" data-end=""700""><em data-start=""659"" data-end=""698""><span>(Reusable Gift Wrap – Sustainable, Foldable, Eco-Friendly)</span></em></p>",Title,Default Title,,"Quick Gift Package Price Includes 2 Small Lay Flat store easily Gift Bag  Price Includes 2 Small EverGift Bags.  It's the simplest all-in one solution for reusable gift wrapping. With the ease of a fold over and magnetic snap, this standout gift is wrapped! Together we can decrease our wrapping paper waste and use EverWrap gift wrap for beautiful presents."
evergift-cabin-medium,EverEnvelope: Medium Red and White Reusable Gift Bag with Magnetic Closure,"<p data-start=""126"" data-end=""180"">🎁 <strong data-start=""129"" data-end=""178"">Quick Gift Package – Medium Gifts, Major Wow!</strong></p>
<p data-start=""182"" data-end=""517"">🌎 <strong data-start=""185"" data-end=""242"">Eco-Friendly – Say Bye to Plastic, Hello to Reusable!</strong> 🌎<br data-start=""245"" data-end=""248"">Our easiest all-in-one solution for stress-free, reusable gift wrapping. Just tuck your gift inside, snap the magnetic flap shut, and you’ve got a stunning, waste-free present in seconds! Let’s kick wrapping paper waste to the curb and wrap beautifully with EverWrap.</p>
<p data-start=""519"" data-end=""627"">Perfect for medium-sized treasures like:<br data-start=""559"" data-end=""562"">✨ Children’s shoes<br data-start=""580"" data-end=""583"">✨ Electronics<br data-start=""596"" data-end=""599"">✨ New kitchen utensil sets</p>
<p data-start=""629"" data-end=""724"">📏 <strong data-start=""632"" data-end=""641"">Size:</strong> 13"" x 10.5"" x 6.25"" – perfectly sized for those gifts that need a bit more room!<span></span></p>
<p data-start=""629"" data-end=""724""><em>Bow and snowflake charm sold separately.</em></p>
<p data-start=""629"" data-end=""724""><em><span>(Reusable Gift Wrap – Sustainable, Foldable, Eco-Friendly)</span></em></p>",Title,Default Title,,"Quick Gift Package Price Includes 2 Medium Lay Flat store easily Gift Bag  Price Includes 2 Medium EverGift Bags.  It's the simplest all-in one solution for reusable gift wrapping. With the ease of a fold over and magnetic snap, this standout gift is wrapped! Together we can decrease our wrapping paper waste and use EverWrap gift wrap for beautiful presents."
evergift-cabin-large,EverEnvelope: Large Navy Reusable Gift Bag with Forest Animals and Magnetic Closure,"<p data-start=""110"" data-end=""162"">🎁 <strong data-start=""113"" data-end=""160"">Quick Gift Package – Big Gifts, Zero Waste!</strong></p>
<p data-start=""164"" data-end=""407"">The simplest all-in-one solution for reusable gift wrapping. Just tuck your gift inside, close the magnetic flap, and you’ve got a stunning, waste-free package in seconds! Let’s reduce wrapping paper waste and gift beautifully with EverWrap.</p>
<p data-start=""409"" data-end=""493"">Perfect for larger items like:<br data-start=""439"" data-end=""442"">✨ Men’s shoes<br data-start=""455"" data-end=""458"">✨ Large tablets<br data-start=""473"" data-end=""476"">✨ Cozy sweaters</p>
<p data-start=""495"" data-end=""531"">📏 <strong data-start=""498"" data-end=""507"">Size:</strong> 16.25"" x 13.5"" x 6.5""<span><br></span></p>
<p data-start=""495"" data-end=""531""><em>Bows and charms sold separately.</em></p>
<p data-start=""495"" data-end=""531""><em><span>(Reusable Gift Wrap – Sustainable, Foldable, Eco-Friendly)</span></em></p>",Title,Default Title,,"Quick Gift Package Price Includes 2 Large Lay Flat store easily Gift Bag  Price Includes 2 Large EverGift Bags.  It's the simplest all-in one solution for reusable gift wrapping. With the ease of a fold over and magnetic snap, this standout gift is wrapped! Together we can decrease our wrapping paper waste and use EverWrap gift wrap for beautiful presents."
evergift-cozy-small,"EverEnvelope: Small Black and White Reusable Gift Bag with Magnetic Closure (Reusable Gift Wrap Bags – Sustainable, Foldable, Eco-Friendly)","<p data-start=""132"" data-end=""185"">🎁 <strong data-start=""135"" data-end=""183"">Quick Gift Package – Tiny Gifts, Big Impact!</strong></p>
<p data-start=""187"" data-end=""558"">🌎 <strong data-start=""190"" data-end=""242"">Eco-Friendly – Ditch the Plastic, Wrap with Joy!</strong> 🌎<br data-start=""245"" data-end=""248"">Meet the easiest all-in-one reusable gift wrap! Just pop your gift inside, close the magnetic flap, and voilà—a perfectly wrapped present in seconds. Pair it with our EverWrap Bow for an extra dash of fun! Together, we can say goodbye to wasteful wrapping paper and hello to gorgeous, reusable gifting.</p>
<p data-start=""560"" data-end=""685"">Perfect for small surprises like:<br data-start=""593"" data-end=""596"">✨ A journal &amp; pen set<br data-start=""617"" data-end=""620"">✨ Candles &amp; bath salts<br data-start=""642"" data-end=""645"">✨ A sweet collection of chocolate bars</p>
<p data-start=""687"" data-end=""777"">📏 <strong data-start=""690"" data-end=""699"">Size:</strong> 9.5"" x 7.5"" x 4.5"" – made for all your little gifts that deserve a big wow!<span></span></p>
<p data-start=""687"" data-end=""777""><span>(Reusable Gift Wrap – Sustainable, Foldable, Eco-Friendly)</span></p>",Title,Default Title,,"Quick Gift Package Price Includes 2 Small Lay Flat store easily Gift Bag  Price Includes 2 Small EverGift Bags.  It's the simplest all-in one solution for reusable gift wrapping. With the ease of a fold over and magnetic snap, this standout gift is wrapped! Together we can decrease our wrapping paper waste and use EverWrap gift wrap for beautiful presents."
copy-of-evergift-cozy-medium,"EverEnvelope: Medium Black, White, & Marigold Reusable Gift Bag with Magnetic Closure (Reusable Gift Wrap Bags – Sustainable, Foldable, Eco-Friendly)","<p data-start=""126"" data-end=""180"">🎁 <strong data-start=""129"" data-end=""178"">Quick Gift Package – Medium Gifts, Major Wow!</strong></p>
<p data-start=""182"" data-end=""517"">🌎 <strong data-start=""185"" data-end=""242"">Eco-Friendly – Say Bye to Plastic, Hello to Reusable!</strong> 🌎<br data-start=""245"" data-end=""248"">Our easiest all-in-one solution for stress-free, reusable gift wrapping. Just tuck your gift inside, snap the magnetic flap shut, and you’ve got a stunning, waste-free present in seconds! Let’s kick wrapping paper waste to the curb and wrap beautifully with EverWrap.</p>
<p data-start=""519"" data-end=""627"">Perfect for medium-sized treasures like:<br data-start=""559"" data-end=""562"">✨ Children’s shoes<br data-start=""580"" data-end=""583"">✨ Electronics<br data-start=""596"" data-end=""599"">✨ New kitchen utensil sets</p>
<p data-start=""629"" data-end=""724"">📏 <strong data-start=""632"" data-end=""641"">Size:</strong> 13"" x 10.5"" x 6.25"" – perfectly sized for those gifts that need a bit more room!<span></span></p>
<p data-start=""629"" data-end=""724""><span>(Reusable Gift Wrap – Sustainable, Foldable, Eco-Friendly)</span></p>",Title,Default Title,,"Quick Gift Package Price Includes 2 Medium Lay Flat store easily Gift Bag  Price Includes 2 Medium EverGift Bags.  It's the simplest all-in one solution for reusable gift wrapping. With the ease of a fold over and magnetic snap, this standout gift is wrapped! Together we can decrease our wrapping paper waste and use EverWrap gift wrap for beautiful presents."
evergift-cozy-large,"EverEnvelope: Large Pink Reusable Gift Bag with Magnetic Closure (Reusable Gift Wrap Bags – Sustainable, Foldable, Eco-Friendly)","<p data-start=""126"" data-end=""180"">🎁 <strong data-start=""129"" data-end=""178"">Quick Gift Package – Medium Gifts, Major Wow!</strong></p>
<p data-start=""182"" data-end=""517"">🌎 <strong data-start=""185"" data-end=""242"">Eco-Friendly – Say Bye to Plastic, Hello to Reusable!</strong> 🌎<br data-start=""245"" data-end=""248"">Our easiest all-in-one solution for stress-free, reusable gift wrapping. Just tuck your gift inside, snap the magnetic flap shut, and you’ve got a stunning, waste-free present in seconds! Let’s kick wrapping paper waste to the curb and wrap beautifully with EverWrap.</p>
<p data-start=""519"" data-end=""627"">Perfect for medium-sized treasures like:<br data-start=""559"" data-end=""562"">✨ Children’s shoes<br data-start=""580"" data-end=""583"">✨ Electronics<br data-start=""596"" data-end=""599"">✨ New kitchen utensil sets</p>
<p data-start=""629"" data-end=""724"">📏 <strong data-start=""632"" data-end=""641"">Size:</strong> 13"" x 10.5"" x 6.25"" – perfectly sized for those gifts that need a bit more room!</p>
<p><span>(Reusable Gift Wrap – Sustainable, Foldable, Eco-Friendly)</span></p>",Title,Default Title,,"Quick Gift Package Price Includes 2 Large Lay Flat store easily Gift Bag  Price Includes 2 Large EverGift Bags.  It's the simplest all-in one solution for reusable gift wrapping. With the ease of a fold over and magnetic snap, this standout gift is wrapped! Together we can decrease our wrapping paper waste and use EverWrap gift wrap for beautiful presents."
everbag-cabin-small,EverBag: Small Leaf Design with Satin Bow Closure,"<h3>It's a simple all-in-one reusable gift bag.<br>Satin sewn into the top just ties into a bow! No Tissue Needed!</h3>
<ul>
<li>Save time, wrap gifts in seconds</li>
<li>Measurements: 8 x 8 x 4.5""</li>
<li>This reusable gift bag is a ""Green"" choice that is actually easier than single-use</li>
<li>No need to spend time and money on single use gift bags</li>
<li>Folds completely flat for easy and organized storage</li>
</ul>
<p><span>EARTH FRIENDLY 🌎 </span></p>
<p><span>(Reusable Gift Wrap – Sustainable, Foldable, Eco-Friendly)</span></p>",Title,Default Title,,
everbag-cabin-medium,EverBag: Medium Holiday Red with Wintry Knitted Sweater Design and Red Satin Bow Closure,"<h3><span>Reusable Large One-Piece Gift Bag</span></h3>
<ul>
<li><span>A simple all-in-one reusable gift bag</span></li>
<li><span>No need to spend time and money on single use gift bags</span></li>
<li><span>With just the tie of a bow, this standout gift is wrapped! </span></li>
<li>Gorgeous Holiday Red Satin Ribon is sewn into the bag eliminating the need for tissue paper</li>
<li>This bag is perfect for Medium size gifts items </li>
<li>Measurements: 11.5 x 9 x 7""</li>
<li>The knitted sweater motif screams Winter Birthday for Boy or Girl </li>
<li>Take the next step to reducing your carbon foot print with this perfect Christmas Gift Bag</li>
</ul>
<p><span>ECO FRIENDLY 🌎 SAY NO TO PLASTIC BAGS 🌎 Reduce the gift wrap bag and paper waste<br></span><span></span></p>
<p><span>(Reusable Gift Wrap – Sustainable, Foldable, Eco-Friendly)</span></p>",Title,Default Title,,
everbag-cozy-small,EverBag: Small Grey and Gold Floral Print with Gold Satin Bow,"<h3>Satin Ribbon is sewn into the bag (no tissue paper needed!) just tie in a bow and you are done!</h3>
<ul>
<li>Save time, wrap gifts in seconds</li>
<li>Measurements: 8 x 8 x 4.5""</li>
<li>This reusable gift bag is a ""Green"" choice that is actually easier than single-use</li>
<li>No need to spend time and money on single use gift bags</li>
<li>Folds completely flat for easy and organized storage</li>
<li>Small Reusable bag perfect for Small Gifts for Her</li>
</ul>
<h3><span>EARTH FRIENDLY 🌎 </span></h3>",Title,Default Title,,
everbag-cozy-medium,EverBag: Medium Black and White Buffalo Check with Gold Satin Bow,"<p data-start=""186"" data-end=""232"">🎁 <strong data-start=""189"" data-end=""230"">A Simple All-in-One Reusable Gift Bag</strong></p>
<p data-start=""234"" data-end=""411"">🌎 <strong data-start=""237"" data-end=""273"">Earth-Friendly &amp; Carbon-Reducing</strong> 🌎<br data-start=""276"" data-end=""279"">Take the next step toward reducing your carbon footprint with the perfect gift bag for the holiday season—or any special occasion!</p>
<p data-start=""413"" data-end=""873""><strong data-start=""413"" data-end=""425"">Details:</strong><br data-start=""425"" data-end=""428"">✨ <strong data-start=""430"" data-end=""447"">Measurements:</strong> 11.5"" x 9"" x 7"" – ideal for medium-sized gifts<br data-start=""494"" data-end=""497"">✨ <strong data-start=""499"" data-end=""523"">Effortless Wrapping:</strong> Just tie the built-in gold satin ribbon for a beautifully wrapped, standout gift—no tissue paper needed<br data-start=""627"" data-end=""630"">✨ <strong data-start=""632"" data-end=""659"">Reusable &amp; Sustainable:</strong> Say goodbye to single-use gift bags and save time and money with a bag you can use year after year<br data-start=""758"" data-end=""761"">✨ <strong data-start=""763"" data-end=""779"">Chic Design:</strong> Classic black and white buffalo check pattern for a timeless, Pinterest-worthy presentation</p>",Title,Default Title,,
everbag-small-green-floral-print-with-ivory-satin-bow,EverBag: Small Green Floral Print with Ivory Satin Bow,"<p dir=""ltr"">Wrap a gift in seconds with the EverWrap reusable gift box. A satin ribbon is sewn right in, so you don't need tissue paper, tape or scissors. Just place your gift inside, tie a bow, and it's ready to give.</p>
<p dir=""ltr""><strong>Why you'll love it</strong></p>
<ul dir=""ltr"">
<li>
<strong>Wraps gifts in seconds:</strong> no cutting, taping or folding paper</li>
<li>
<strong>Satin ribbon sewn in:</strong> a beautiful bow every time, no tissue paper needed</li>
<li>
<strong>Reusable gift wrap:</strong> replaces single-use gift bags and wrapping paper</li>
<li>
<strong>Saves money:</strong> stop buying new gift bags for every birthday and holiday</li>
<li>
<strong>Stores flat:</strong> folds completely flat for easy, organized storage</li>
</ul>
<p dir=""ltr""><strong>Size:</strong> 8 x 8 x 4.5""</p>
<p dir=""ltr"">Perfect for birthdays, Christmas, baby showers, weddings, Mother's Day and every celebration in between.</p>
<p dir=""ltr""><strong>Earth friendly 🌎</strong> Every time you reuse your EverWrap gift box, that's one less gift bag or sheet of wrapping paper in the trash.</p>",Title,Default Title,,
everbag-medium-green-buffalo-plaid-with-ivory-satin-bow-copy,EverBag: Medium Green Buffalo Plaid with Ivory Satin Bow,"<p dir=""ltr"">Wrap a gift in seconds with the EverWrap reusable gift box. A satin ribbon is sewn right in, so you don't need tissue paper, tape or scissors. Just place your gift inside, tie a bow, and it's ready to give.</p>
<p dir=""ltr""><strong>Why you'll love it</strong></p>
<ul dir=""ltr"">
<li>
<strong>Wraps gifts in seconds:</strong> no cutting, taping or folding paper</li>
<li>
<strong>Satin ribbon sewn in:</strong> a beautiful bow every time, no tissue paper needed</li>
<li>
<strong>Reusable gift wrap:</strong> replaces single-use gift bags and wrapping paper</li>
<li>
<strong>Saves money:</strong> stop buying new gift bags for every birthday and holiday</li>
<li>
<strong>Stores flat:</strong> folds completely flat for easy, organized storage</li>
</ul>
<p dir=""ltr""><strong>Size:</strong> 11.5"" x 9"" x 7""</p>
<p dir=""ltr"">Perfect for birthdays, Christmas, baby showers, weddings, Mother's Day and every celebration in between.</p>
<p dir=""ltr""><strong>Earth friendly 🌎</strong> Every time you reuse your EverWrap gift box, that's one less gift bag or sheet of wrapping paper in the trash.</p>",Title,Default Title,,
everbag-large-cotton-black-grid-tie-bag-with-satin-ribbon-closure,EverTie: Large Tie Bag with Black Grid Pattern and Satin Ribbon Closure,"<h3><span>Oversize Bag</span></h3>
<p><span>ECO FRIENDLY 🌎 SAY NO TO PLASTIC BAGS 🌎 Reduce the gift wrap bag and paper waste</span></p>
<p><span>It's the simplest all-in-one solution for reusable gift wrapping. With just the tie of a bow, this standout gift is wrapped! Together we can decrease our wrapping paper waste and use EverWrap gift wrap for beautiful presents. </span></p>
<p><span>This bag is perfect for Larger and Odd Shaped gift items such as:</span></p>
<ul>
<li>Roller blades</li>
<li><span>Snuggly blanket</span></li>
<li><span>Larger toys such as basketball kit, baseball kit, soccer kit</span></li>
</ul>
<p><span>Measurements: 27 x 19"" </span></p>
<p><span>(Reusable Gift Wrap – Sustainable, Foldable, Eco-Friendly)</span></p>",Title,Default Title,,"Eco-friendly, zero-waste reusable gift wrap. Stylish cotton drawstring gift bag with satin bow—perfect for sustainable, elegant gift-giving year-round."
everbag-large-cotton-blue-tie-bag-with-satin-ribbon-closure,EverTie: Large Blue Tie Bag with Satin Ribbon Closure,"<p data-start=""126"" data-end=""177"">🎁 <strong data-start=""129"" data-end=""175"">Oversize Gift Bag – Big Gifts, Zero Waste!</strong></p>
<p data-start=""179"" data-end=""483"">🌎 <strong data-start=""182"" data-end=""235"">Eco-Friendly – Skip the Plastic, Save the Planet!</strong> 🌎<br data-start=""238"" data-end=""241"">Wrap those big, awkward gifts in a snap! Just tie the built-in bow, and you’ve got a showstopping, reusable wrap—no tissue, tape, or hassle required. Together, we can kick wrapping paper waste to the curb and gift beautifully with EverWrap!</p>
<p data-start=""485"" data-end=""627"">Perfect for larger or oddly shaped presents like:<br data-start=""534"" data-end=""537"">✨ Roller blades<br data-start=""552"" data-end=""555"">✨ Cozy blankets<br data-start=""570"" data-end=""573"">✨ Big toys like basketball, baseball, or soccer sets</p>
<p data-start=""629"" data-end=""704"">📏 <strong data-start=""632"" data-end=""641"">Size:</strong> 27"" x 19"" – made for the gifts that don’t fit anywhere else!</p>
<p data-start=""629"" data-end=""704""><span>(Reusable Gift Wrap – Sustainable, Foldable, Eco-Friendly)</span></p>",Title,Default Title,,"Eco-friendly, zero-waste reusable gift wrap. Stylish cotton drawstring gift bag with satin bow—perfect for sustainable, elegant gift-giving year-round."
everbow,"EverBow: Black (Reusable Gift Wrap Bags – Sustainable, Foldable, Eco-Friendly)","<p data-end=""346"" data-start=""125""><strong data-end=""163"" data-start=""125"">Add the Finishing Touch in Seconds</strong><br data-end=""166"" data-start=""163"">Our 5"" grosgrain <strong data-end=""195"" data-start=""183"">EverBows</strong> are the perfect reusable accessory to elevate any EverWrap gift. Designed to easily attach and detach, they add instant charm—no tape or tying needed!</p>
<ul data-end=""662"" data-start=""348"">
<li data-end=""396"" data-start=""348"">
<p data-end=""396"" data-start=""350"">Reusable ribbon bow adds effortless elegance</p>
</li>
<li data-end=""454"" data-start=""397"">
<p data-end=""454"" data-start=""399"">Attaches easily to <strong data-end=""430"" data-start=""418"">EverBags</strong> and <strong data-end=""452"" data-start=""435"">EverEnvelopes</strong></p>
</li>
<li data-end=""501"" data-start=""455"">
<p data-end=""501"" data-start=""457"">Durable grosgrain material holds its shape</p>
</li>
<li data-end=""542"" data-start=""502"">
<p data-end=""542"" data-start=""504"">Saves time—no extra wrapping or fuss</p>
</li>
<li data-end=""579"" data-start=""543"">
<p data-end=""579"" data-start=""545"">Use again and again (and again!)</p>
</li>
<li data-end=""613"" data-start=""580"">
<p data-end=""613"" data-start=""582"">Charms can be added or removed to add extra detail</p>
</li>
<li data-end=""662"" data-start=""614"">
<p data-end=""662"" data-start=""616""><strong data-end=""634"" data-start=""616"">Earth-friendly</strong> and endlessly adorable 🌎</p>
</li>
</ul>
<p data-end=""709"" data-start=""664"">Style your gift beautifully—the EverWrap way.</p>
<p data-end=""709"" data-start=""664""><em>Charms sold separately</em></p>
<p data-end=""709"" data-start=""664""><span>(Reusable Gift Wrap – Sustainable, Foldable, Eco-Friendly)</span></p>",Title,Default Title,,
everbow-navy,"EverBow: Navy (Reusable Gift Wrap Bags – Sustainable, Foldable, Eco-Friendly)","<p data-end=""346"" data-start=""125""><strong data-end=""163"" data-start=""125"">Add the Finishing Touch in Seconds</strong><br data-end=""166"" data-start=""163"">Our 5"" grosgrain <strong data-end=""195"" data-start=""183"">EverBows</strong> are the perfect reusable accessory to elevate any EverWrap gift. Designed to easily attach and detach, they add instant charm—no tape or tying needed!</p>
<ul data-end=""662"" data-start=""348"">
<li data-end=""396"" data-start=""348"">
<p data-end=""396"" data-start=""350"">Reusable ribbon bow adds effortless elegance</p>
</li>
<li data-end=""454"" data-start=""397"">
<p data-end=""454"" data-start=""399"">Attaches easily to <strong data-end=""430"" data-start=""418"">EverBags</strong> and <strong data-end=""452"" data-start=""435"">EverEnvelopes</strong></p>
</li>
<li data-end=""501"" data-start=""455"">
<p data-end=""501"" data-start=""457"">Durable grosgrain material holds its shape</p>
</li>
<li data-end=""542"" data-start=""502"">
<p data-end=""542"" data-start=""504"">Saves time—no extra wrapping or fuss</p>
</li>
<li data-end=""579"" data-start=""543"">
<p data-end=""579"" data-start=""545"">Use again and again (and again!)</p>
</li>
<li data-end=""613"" data-start=""580"">
<p data-end=""613"" data-start=""582"">Charms can be added or removed to add extra detail</p>
</li>
<li data-end=""662"" data-start=""614"">
<p data-end=""662"" data-start=""616""><strong data-end=""634"" data-start=""616"">Earth-friendly</strong> and endlessly adorable 🌎</p>
</li>
</ul>
<p data-end=""709"" data-start=""664"">Style your gift beautifully—the EverWrap way.</p>
<p data-end=""709"" data-start=""664""><em>Charms sold separately</em></p>
<p data-end=""709"" data-start=""664""><span>(Reusable Gift Wrap – Sustainable, Foldable, Eco-Friendly)</span></p>",Title,Default Title,,
everbow-pink,"EverBow: Pink (Reusable Gift Wrap Bags – Sustainable, Foldable, Eco-Friendly)","<p data-end=""346"" data-start=""125""><strong data-end=""163"" data-start=""125"">Add the Finishing Touch in Seconds</strong><br data-end=""166"" data-start=""163"">Our 5"" grosgrain <strong data-end=""195"" data-start=""183"">EverBows</strong> are the perfect reusable accessory to elevate any EverWrap gift. Designed to easily attach and detach, they add instant charm—no tape or tying needed!</p>
<ul data-end=""662"" data-start=""348"">
<li data-end=""396"" data-start=""348"">
<p data-end=""396"" data-start=""350"">Reusable ribbon bow adds effortless elegance</p>
</li>
<li data-end=""454"" data-start=""397"">
<p data-end=""454"" data-start=""399"">Attaches easily to <strong data-end=""430"" data-start=""418"">EverBags</strong> and <strong data-end=""452"" data-start=""435"">EverEnvelopes</strong></p>
</li>
<li data-end=""501"" data-start=""455"">
<p data-end=""501"" data-start=""457"">Durable grosgrain material holds its shape</p>
</li>
<li data-end=""542"" data-start=""502"">
<p data-end=""542"" data-start=""504"">Saves time—no extra wrapping or fuss</p>
</li>
<li data-end=""579"" data-start=""543"">
<p data-end=""579"" data-start=""545"">Use again and again (and again!)</p>
</li>
<li data-end=""613"" data-start=""580"">
<p data-end=""613"" data-start=""582"">Charms can be added or removed to add extra detail</p>
</li>
<li data-end=""662"" data-start=""614"">
<p data-end=""662"" data-start=""616""><strong data-end=""634"" data-start=""616"">Earth-friendly</strong> and endlessly adorable 🌎</p>
</li>
</ul>
<p data-end=""709"" data-start=""664"">Style your gift beautifully—the EverWrap way.</p>
<p data-end=""709"" data-start=""664""><em>Charms sold separately</em></p>
<p data-end=""709"" data-start=""664""><span>(Reusable Gift Wrap – Sustainable, Foldable, Eco-Friendly)</span></p>",Title,Default Title,,
everbow-red,"EverBow: Red (Reusable Gift Wrap Bags – Sustainable, Foldable, Eco-Friendly)","<p data-start=""125"" data-end=""346""><strong data-start=""125"" data-end=""163"">Add the Finishing Touch in Seconds</strong><br data-start=""163"" data-end=""166"">Our 5"" grosgrain <strong data-start=""183"" data-end=""195"">EverBows</strong> are the perfect reusable accessory to elevate any EverWrap gift. Designed to easily attach and detach, they add instant charm—no tape or tying needed!</p>
<ul data-start=""348"" data-end=""662"">
<li data-start=""348"" data-end=""396"">
<p data-start=""350"" data-end=""396"">Reusable ribbon bow adds effortless elegance</p>
</li>
<li data-start=""397"" data-end=""454"">
<p data-start=""399"" data-end=""454"">Attaches easily to <strong data-start=""418"" data-end=""430"">EverBags</strong> and <strong data-start=""435"" data-end=""452"">EverEnvelopes</strong></p>
</li>
<li data-start=""455"" data-end=""501"">
<p data-start=""457"" data-end=""501"">Durable grosgrain material holds its shape</p>
</li>
<li data-start=""502"" data-end=""542"">
<p data-start=""504"" data-end=""542"">Saves time—no extra wrapping or fuss</p>
</li>
<li data-start=""543"" data-end=""579"">
<p data-start=""545"" data-end=""579"">Use again and again (and again!)</p>
</li>
<li data-start=""580"" data-end=""613"">
<p data-start=""582"" data-end=""613"">Folds flat for simple storage</p>
</li>
<li data-start=""614"" data-end=""662"">
<p data-start=""616"" data-end=""662""><strong data-start=""616"" data-end=""634"">Earth-friendly</strong> and endlessly adorable 🌎</p>
</li>
</ul>
<p data-start=""664"" data-end=""709"">Style your gift beautifully—the EverWrap way.</p>
<p data-start=""664"" data-end=""709"">Charms sold separately and can easily be added, removed, or swapped out.  </p>
<p data-start=""664"" data-end=""709""><span> (Reusable Gift Wrap – Sustainable, Foldable, Eco-Friendly)</span></p>",Title,Default Title,,
gift-tags,Gift Tags (10 Pack),"<p data-start=""270"" data-end=""350"">Complete your gift with eco-friendly gift tags designed for sustainable gifting.</p>
<p data-start=""352"" data-end=""614"">These EverWrap gift tags are printed on recycled paper and pair perfectly with reusable gift wrap, making every present more thoughtful and environmentally conscious. Each tag encourages reuse, helping reduce waste while creating a meaningful gifting experience.</p>
<p data-start=""616"" data-end=""717"">Each tag features the message:<br data-start=""646"" data-end=""649"">“This gift wrap is meant to be reused. Re-gift or return to sender.”</p>
<p data-start=""719"" data-end=""896"">Perfect for holidays, birthdays, and everyday celebrations, these sustainable gift tags are a simple way to elevate your wrapping while supporting a more eco-friendly lifestyle.</p>
<p data-start=""898"" data-end=""918""><strong data-start=""898"" data-end=""918"">Product Details:</strong></p>
<ul data-start=""919"" data-end=""1074"">
<li data-start=""919"" data-end=""956"">Pack of 10 eco-friendly gift tags</li>
<li data-start=""957"" data-end=""1002"">Printed on recycled paper (noted on back)</li>
<li data-start=""1003"" data-end=""1052"">Includes 10 self-fastening waxed cotton ropes</li>
<li data-start=""1053"" data-end=""1074"">Tag size: 3.5"" x 2""</li>
</ul>",Title,Default Title,,
charms-wooden-tag-with-gold-heart,"Charm: Wooden tag with gold heart (Reusable Gift Wrap Bags – Sustainable, Foldable, Eco-Friendly)","<h3>Our sweet little wooden tag with a gold heart - add a gift tag if you'd like! This fun sturdy charm is perfect for Valentine's Day, Anniversaries, Birthdays, you name it!<br>
</h3>
<p><span>Compatible with any EverBow, Measures at about 2"" x 3.5"".</span></p>
<p><span>(Reusable Gift Wrap – Sustainable, Foldable, Eco-Friendly)</span></p>",Title,Default Title,,
charm-wooden-tag-with-gold-heart-copy,"Charm: Snowflake (Reusable Gift Wrap Bags – Sustainable, Foldable, Eco-Friendly)","<h3>Our sweet little wooden snowflake tag! This fun sturdy charm is perfect accessory for dressing up winter gifts.  <br>
</h3>
<p><span>Compatible with any EverBow, Measures at about 3.75"" diameter.</span></p>
<p><span> (Reusable Gift Wrap – Sustainable, Foldable, Eco-Friendly)</span></p>",Title,Default Title,,
charm-wooden-snowflake-copy,"Charm: Star (Reusable Gift Wrap Bags – Sustainable, Foldable, Eco-Friendly)","<h3>Our sweet little metal star! This fun sturdy charm is perfect accessory for dressing up winter gifts.  <br>
</h3>
<p><span>Compatible with any EverBow, Measures at about 3"" diameter.</span></p>
<p><span> (Reusable Gift Wrap – Sustainable, Foldable, Eco-Friendly)</span></p>",Title,Default Title,,
charm-tree,"Charm: Tree (Reusable Gift Wrap Bags – Sustainable, Foldable, Eco-Friendly)","<h3>Our sweet little metal tree! This fun sturdy charm is perfect accessory for dressing up winter gifts.  <br>
</h3>
<p><span>Compatible with any EverBow, Measures at about 3"" x 2.5"".</span></p>
<p><span> (Reusable Gift Wrap – Sustainable, Foldable, Eco-Friendly)</span></p>",Title,Default Title,,
cabin-kit,"Large Bundle - Reusable Gift Wrap Sampler Pack in Red, Blue, and White (Reusable Gift Wrap Bags – Sustainable, Foldable, Eco-Friendly)","<p data-start=""117"" data-end=""201"">🎁 <strong data-start=""120"" data-end=""196"">Reusable Gift Wrap Collection – Foldable, Storable, and Totally Adorable</strong> 🎁</p>
<p data-start=""203"" data-end=""286""><strong data-start=""203"" data-end=""284"">Everything you need to wrap your way through the whole year – sustainably and in style!</strong></p>
<p data-start=""288"" data-end=""512"">🌎 Bye-bye paper bags and paper waste – this eco-friendly set is your new go-to for birthdays, holidays, and “just because” gifts all year long. All pieces are foldable, easy to store, and ready to reuse again and again.</p>
<p data-start=""514"" data-end=""960""><strong data-start=""514"" data-end=""554"">This all-in-one collection includes:</strong><br data-start=""554"" data-end=""557"">✨ 2 EverBags – Small + Medium (perfect for quick grab-and-go gifts)<br data-start=""624"" data-end=""627"">💌 3 EverEnvelopes – Small, Medium + Large (think gift cards, flat items, and sweet surprises)<br data-start=""721"" data-end=""724"">📦 4 EverBoxes – Small, Medium, Large + XL (they pop up when you need them, and fold flat when you don’t)<br data-start=""829"" data-end=""832"">🛷 1 Sleigh Bag – Large (for those “how-am-I-gonna-wrap-this?” moments)<br data-start=""903"" data-end=""906"">🎀 3 EverBows and Charms – Because bows make everything better<br>🏷️ 1 Set of Gift Tags<br></p>
<p data-start=""962"" data-end=""986"">Wrap. Gift. Repeat. 💫</p>
<p data-start=""962"" data-end=""986""><span>(Reusable Gift Wrap – Sustainable, Foldable, Eco-Friendly)</span></p>",Title,Default Title,,
13-piece-extra-strong-reusable-gift-wrap-collection-in-pink-gold-and-black-make-your-christmas-zero-waste-and-sustainable-with-reusable-gift-wrap-that-collapses-and-stores-for-use-year-after-year,"Large Bundle - Reusable Gift Wrap Sampler Pack in Pink, Gold, and Black (Reusable Gift Wrap Bags – Sustainable, Foldable, Eco-Friendly)","<p data-start=""117"" data-end=""201""><strong data-start=""120"" data-end=""196"">Reusable Gift Wrap Collection – Foldable, Storable, and Totally Adorable</strong> 🎁</p>
<p data-start=""203"" data-end=""286""><strong data-start=""203"" data-end=""284"">Everything you need to wrap your way through the whole year – sustainably and in style!</strong></p>
<p data-start=""288"" data-end=""512"">🌎 Bye-bye paper bags and paper waste – this eco-friendly set is your new go-to for birthdays, holidays, and “just because” gifts all year long. All pieces are foldable, easy to store, and ready to reuse again and again.</p>
<p data-start=""514"" data-end=""960""><strong data-start=""514"" data-end=""554"">This all-in-one collection includes:</strong><br data-start=""554"" data-end=""557"">✨ 2 EverBags – Small + Medium (perfect for quick grab-and-go gifts)<br data-start=""624"" data-end=""627"">💌 3 EverEnvelopes – Small, Medium + Large (think gift cards, flat items, and sweet surprises)<br data-start=""721"" data-end=""724"">📦 4 EverBoxes – Small, Medium, Large + XL (they pop up when you need them, and fold flat when you don’t)<br data-start=""829"" data-end=""832"">🛷 1 Sleigh Bag – Large (for those “how-am-I-gonna-wrap-this?” moments)<br data-start=""903"" data-end=""906"">🎀 3 EverBows and Charms – Because bows make everything better<br>🏷️ 1 Set of Gift Tags</p>
<p data-start=""962"" data-end=""986"">Wrap. Gift. Repeat. 💫</p>
<p data-start=""962"" data-end=""986""><span> (Reusable Gift Wrap – Sustainable, Foldable, Eco-Friendly)</span></p>",Title,Default Title,,
small-starter-bundle-reusable-gift-wrap-bags-sustainable-foldable-eco-friendly,"Medium Bundle: Reusable Gift Wrap Bags – Sustainable, Foldable, Eco-Friendly (Red and Blue)","<p><span>Get started with EverWrap with this thoughtfully curated starter kit, designed to make your gift-giving effortless, joyful, and a little more sustainable. Perfect for birthdays, holidays, or any special moments worth celebrating throughout the year.</span><span></span></p>
<p><span>This kit includes:</span></p>
<ul>
<li><span>Extra Large EverBox</span></li>
<li><span>Large EverTie</span></li>
<li><span>Medium EverBag</span></li>
<li><span>Medium EverEnvelope</span></li>
<li><span>Small EverBag</span></li>
<li><span>Small EverEnvelope</span></li>
<li>
<span>3 EverBows with Charms</span><span></span>
</li>
<li><span>Set of Gift Tags</span></li>
</ul>
<p data-end=""605"" data-start=""472"">Each piece is reusable, foldable, and beautifully designed — a simple way to give sustainably without compromising on presentation.</p>
<p data-end=""672"" data-start=""607"">🎁<span> </span><strong data-end=""670"" data-start=""610"">Reusable Gift Wrap – Sustainable, Foldable, Eco-Friendly</strong></p>",Title,Default Title,,
small-starter-bundle-reusable-gift-wrap-bags-sustainable-foldable-eco-friendly-1,"Medium Bundle: Reusable Gift Wrap Bags – Sustainable, Foldable, Eco-Friendly (Pink, Gold, and Black)","<p><span>Get started with EverWrap with this thoughtfully curated starter kit, designed to make your gift-giving effortless, joyful, and a little more sustainable. Perfect for birthdays, holidays, or any special moments worth celebrating throughout the year.</span><span></span></p>
<p><span>This kit includes:</span></p>
<ul>
<li><span>Extra Large EverBox</span></li>
<li><span>Large EverTie</span></li>
<li><span>Medium EverBag</span></li>
<li><span>Medium EverEnvelope</span></li>
<li><span>Small EverBag</span></li>
<li><span>Small EverEnvelope</span></li>
<li>
<span>3 EverBows and Charms</span><span></span>
</li>
<li><span>Set of Gift Tags</span></li>
</ul>
<p data-start=""472"" data-end=""605"">Each piece is reusable, foldable, and beautifully designed — a simple way to give sustainably without compromising on presentation.</p>
<p data-start=""607"" data-end=""672"">🎁<span> </span><strong data-start=""610"" data-end=""670"">Reusable Gift Wrap – Sustainable, Foldable, Eco-Friendly</strong></p>",Title,Default Title,,
medium-bundle-reusable-gift-wrap-bags-sustainable-foldable-eco-friendly-green-and-pink,"Medium Bundle: Reusable Gift Wrap Bags – Sustainable, Foldable, Eco-Friendly (Green and Pink)","<p><span>Get started with EverWrap with this thoughtfully curated starter kit, designed to make your gift-giving effortless, joyful, and a little more sustainable. Perfect for birthdays, holidays, or any special moments worth celebrating throughout the year.</span><span></span></p>
<p><span>This kit includes:</span></p>
<ul>
<li><span>Large EverEnvelope</span></li>
<li><span>1 Medium EverBoxes</span></li>
<li><span>2 Medium EverBags</span></li>
<li><span>2 Small EverBags</span></li>
<li><span>1 EverBow</span></li>
<li><span>1 Charm</span></li>
<li>
<span>Set of gift tags</span><span></span>
</li>
</ul>",Title,Default Title,,
small-bundle-reusable-gift-wrap-bags-sustainable-foldable-eco-friendly,"Small Bundle: Reusable Gift Wrap Bags – Sustainable, Foldable, Eco-Friendly (Red and Blue)","<p data-end=""365"" data-start=""114"">Get started with EverWrap with this thoughtfully curated starter kit, designed to make your gift-giving effortless, joyful, and a little more sustainable. Perfect for birthdays, holidays, or any special moments worth celebrating throughout the year.</p>
<p data-end=""387"" data-start=""367"">This kit includes:</p>
<ul>
<li data-end=""387"" data-start=""367"">Large EverTieBag</li>
<li data-end=""387"" data-start=""367"">Medium EverBag</li>
<li data-end=""387"" data-start=""367"">Medium EverEnvelope</li>
<li data-end=""387"" data-start=""367"">Small EverBox</li>
<li data-end=""387"" data-start=""367"">Set of Gift Tags</li>
<li data-end=""387"" data-start=""367"">2 EverBows</li>
<li data-end=""387"" data-start=""367"">2 Charms</li>
</ul>
<p data-end=""605"" data-start=""472"">Each piece is reusable, foldable, and beautifully designed — a simple way to give sustainably without compromising on presentation.</p>
<p data-end=""672"" data-start=""607"">🎁 <strong data-end=""670"" data-start=""610"">Reusable Gift Wrap – Sustainable, Foldable, Eco-Friendly</strong></p>",Title,Default Title,,
monthly-match-august-2025,"Small Bundle: Reusable Gift Wrap Bags – Sustainable, Foldable, Eco-Friendly (Pink, Gold, and Black)","<p data-end=""365"" data-start=""114"">Get started with EverWrap with this thoughtfully curated starter kit, designed to make your gift-giving effortless, joyful, and a little more sustainable. Perfect for birthdays, holidays, or any special moments worth celebrating throughout the year.</p>
<p data-end=""387"" data-start=""367"">This kit includes:</p>
<ul>
<li data-end=""387"" data-start=""367"">Large EverTieBag</li>
<li data-end=""387"" data-start=""367"">Medium EverBag</li>
<li data-end=""387"" data-start=""367"">Medium EverEnvelope</li>
<li data-end=""387"" data-start=""367"">Small EverBox</li>
<li data-end=""387"" data-start=""367"">Set of Gift Tags</li>
<li data-end=""387"" data-start=""367"">2 EverBows</li>
<li data-end=""387"" data-start=""367"">2 Charms</li>
</ul>
<p data-end=""605"" data-start=""472"">Each piece is reusable, foldable, and beautifully designed — a simple way to give sustainably without compromising on presentation.</p>
<p data-end=""672"" data-start=""607"">🎁 <strong data-end=""670"" data-start=""610"">Reusable Gift Wrap – Sustainable, Foldable, Eco-Friendly</strong></p>",Title,Default Title,,
